Wall position (mm),Manometer reading (mm)
0.5,188
0.9000000000000004,192
1.3000000000000007,194
1.700000000000001,200
2.1000000000000014,206
2.3000000000000007,208
3.3000000000000007,216
4.300000000000001,220
5.300000000000001,223
6.300000000000001,223
7.300000000000001,223
8.3,224
10.3,224
