Wall position (mm),Manometer reading (mm)
0.5099999999999998,156
0.9100000000000001,161
1.3100000000000005,165
1.7100000000000009,169
2.110000000000001,170
2.3100000000000005,172
3.3100000000000005,178
4.3100000000000005,182
5.3100000000000005,185
6.3100000000000005,185
7.3100000000000005,186
8.31,187
10.56,188
